{"sections":{"image_banner":{"type":"image-banner","blocks":{"heading":{"type":"heading","settings":{"heading":"Leading Supplier of High-Quality Spray Paint Booth Filters","heading_size":"h0"}},"text_tNKtpP":{"type":"text","settings":{"text":"Ensuring Safe, Effective, and Efficient Paint Booth Filtration for All Industries","text_style":"body"}},"button":{"type":"buttons","settings":{"button_label_1":"Explore Our Products  →","button_link_1":"shopify:\/\/collections\/all","button_style_secondary_1":true,"button_label_2":"","button_link_2":"","button_style_secondary_2":false}}},"block_order":["heading","text_tNKtpP","button"],"settings":{"image":"shopify:\/\/shop_images\/Rectangle_183.png","image_overlay_opacity":0,"image_height":"adapt","desktop_content_position":"bottom-center","show_text_box":false,"desktop_content_alignment":"center","color_scheme":"scheme-3","image_behavior":"none","mobile_content_alignment":"center","stack_images_on_mobile":false,"show_text_below":false}},"image_with_text_YmDUCc":{"type":"image-with-text","blocks":{"heading_HB9HTt":{"type":"heading","settings":{"heading":"<strong>About Us<\/strong>","heading_size":"h0"}},"text_xd8CwX":{"type":"text","settings":{"text":"<p>At Spray Flters Direct, our mission is to become the leading supplier of spray paint booth filters, providing innovative and reliable filtration solutions to the automotive, plastics, manufacturing, and various other industries. We are dedicated to ensuring the highest standards of safety, effectiveness, and efficiency in every product we deliver, helping our clients maintain optimal working environments and achieve superior results.<\/p>","text_style":"body"}},"button_cPTWMY":{"type":"button","settings":{"button_label":"Learn More  →","button_link":"#","button_style_secondary":false}}},"block_order":["heading_HB9HTt","text_xd8CwX","button_cPTWMY"],"custom_css":[],"settings":{"image":"shopify:\/\/shop_images\/Group_1261155962_1.png","height":"medium","desktop_image_width":"medium","layout":"text_first","desktop_content_position":"top","desktop_content_alignment":"left","content_layout":"no-overlap","section_color_scheme":"","color_scheme":"","image_behavior":"none","mobile_content_alignment":"left","padding_top":100,"padding_bottom":100}},"custom_filters_ibJheA":{"type":"custom-filters","blocks":{"filter_jHaQbn":{"type":"filter","settings":{"icon":"shopify:\/\/shop_images\/Group_1261155953_1.png","title":"Measure existing filter setup","description":"Assess your current filter setup for optimal performance and efficiency."}},"filter_BTyWwN":{"type":"filter","settings":{"icon":"shopify:\/\/shop_images\/Group_1261155954_1.png","title":"Manufacture custom frames","description":"Craft bespoke frames tailored to your specific filtration requirements."}},"filter_jN9PgL":{"type":"filter","settings":{"icon":"shopify:\/\/shop_images\/Group_1261155959_1.png","title":"Select custom filter","description":"Choose customized filters designed to meet your unique application needs."}},"filter_cfRzUr":{"type":"filter","settings":{"icon":"shopify:\/\/shop_images\/Group_1261155958_1.png","title":"Eliminate debris bypass","description":"Prevent debris bypass for a cleaner and more efficient filtration system."}},"filter_Yk8y3W":{"type":"filter","settings":{"icon":"shopify:\/\/shop_images\/Group_1261155955_1.png","title":"Reduce waste","description":"Minimize waste to enhance sustainability and cost-efficiency."}},"filter_FDKmFA":{"type":"filter","settings":{"icon":"shopify:\/\/shop_images\/Group_1261155956_1.png","title":"Increase particle capture","description":"Enhance particle capture for a cleaner, more efficient filtration process."}},"filter_h4rwxD":{"type":"filter","settings":{"icon":"shopify:\/\/shop_images\/Group_1261155957_1.png","title":"Save Money. Breathe easier.","description":"Save money and breathe easier with our advanced filtration solutions."}},"filter_Gb39pd":{"type":"filter","settings":{"icon":"shopify:\/\/shop_images\/Group_1261155958_1.png","title":"Eliminate debris bypass","description":"Ensure complete filtration by eliminating debris bypass."}}},"block_order":["filter_jHaQbn","filter_BTyWwN","filter_jN9PgL","filter_cfRzUr","filter_Yk8y3W","filter_FDKmFA","filter_h4rwxD","filter_Gb39pd"],"custom_css":["h2,h3 {font-weight: bold;}",".filter-card {\/* Your other card styles here *\/ transition: background-color 0.3s ease; \/* Smooth transition *\/}",".filter-card:hover {background-color: rgba(107, 200, 239, 1);}",".filter-cards {display: grid; grid-template-columns: repeat(var(--cards-per-row, 3), 1fr); gap: 24px; grid-column-gap: 20px; justify-items: center;}"],"settings":{"learn_more_link":"shopify:\/\/collections\/all","cards_per_row":4}},"featured_collection":{"type":"featured-collection","custom_css":[".view-all-top-right {top: 100px; right: 200px;}"],"settings":{"title":"<strong>Featured products<\/strong>","heading_size":"h0","description":"<p>Discover our top-rated spray filter products designed for superior performance and reliability. Explore our featured selection to find the perfect solution for your filtration needs.<\/p>","show_description":false,"description_style":"body","collection":"spray-filters","products_to_show":8,"columns_desktop":4,"full_width":false,"show_view_all":true,"view_all_style":"solid","enable_desktop_slider":false,"color_scheme":"scheme-1","image_ratio":"square","image_shape":"default","show_secondary_image":true,"show_vendor":false,"show_rating":false,"quick_add":"none","columns_mobile":"2","swipe_on_mobile":false,"padding_top":100,"padding_bottom":100,"view_all_position":"top-right"}},"custom_liquid_WNxknY":{"type":"custom-liquid","custom_css":[".custom-filters-container {text-align: center; padding: 20px;}",".filter-cards {display: flex; flex-wrap: wrap; justify-content: center; gap: 20px;}",".filter-card {background-color: rgba(0, 87, 160, 1); border: 1px solid #e0e0e0; border-radius: 10px; padding: 20px; width: 300px; text-align: center; box-shadow: 0 2px 4px rgba(0, 0, 0, 0.1); color: rgba(230, 238, 246, 1);}",".filter-card img {width: 100px; height: 100px; margin-bottom: 10px;}",".filter-card {position: relative;}",".divider {background-color: white; width: 60px; height: 4px; position: absolute;}"],"settings":{"custom_liquid":"<div class=\"custom-filters-container\" style =\"height:900px; background-color: white;\">\n  <h2 style=\"font-weight: 700; font-size: 40px;\">Industries Served<\/h2>\n  <p style=\"width: 856px;text-align: center;margin: auto; color: rgba(108, 108, 108, 1); margin-bottom: 60px;\">\n    Explore the diverse range of industries we serve, from automotive and plastics to manufacturing and beyond. Our tailored filtration solutions meet the unique needs of each sector, ensuring optimal performance and efficiency.\n  <\/p>\n  <div class=\"filter-cards\">\n    <div class=\"filter-card\">\n      <img src=\"https:\/\/cdn.shopify.com\/s\/files\/1\/0735\/7661\/2082\/files\/Group_3373.png?v=1736836287\" alt=\"Measure Existing Filter Setup\">\n      <h3 style=\"color: white; font-size: 24px; font-weight: 500; margin-top: 0px;\">Automotive<\/h3>\n      <p>We offer specialized filters for automotive paint booths, ensuring a dust-free environment for flawless vehicle finishes and compliance with industry standards.<\/p>\n      <div class=\"divider\" style=\"position: absolute; left: 115px; bottom: 20px;\"> <\/div> \n    <\/div>\n    <div class=\"filter-card\">\n      <img src=\"https:\/\/cdn.shopify.com\/s\/files\/1\/0735\/7661\/2082\/files\/Group_3376.png?v=1736836398\" alt=\"Manufacture Custom Frames\">\n      <h3 style=\"color: white; font-size: 24px; font-weight: 500; margin-top: 0px;\">Plastics<\/h3>\n      <p>Our filters cater to the plastics industry by capturing fine particles, reducing airborne contaminants, and ensuring smooth, high-quality production processes.<\/p>\n      <div class=\"divider\" style=\"position: absolute; left: 115px; bottom: 20px;\"> <\/div> \n     <\/div>\n    <div class=\"filter-card\">\n      <img src=\"https:\/\/cdn.shopify.com\/s\/files\/1\/0735\/7661\/2082\/files\/Group_3374.png?v=1736836399\" alt=\"Select Custom Filter\">\n      <h3 style=\"color: white; font-size: 24px; font-weight: 500; margin-top: 0px;\">Select Custom Filter<\/h3>\n      <p>Customizable filtration systems enhance productivity and safety in various manufacturing applications, from heavy machinery to delicate assembly lines.<\/p>\n      <div class=\"divider\" style=\"position: absolute; left: 115px; bottom: 20px;\"> <\/div>  \n    <\/div>\n    <div class=\"filter-card\">\n      <img src=\"https:\/\/cdn.shopify.com\/s\/files\/1\/0748\/1062\/2192\/files\/Group_1261155961.png?v=1737005727\" alt=\"Other Industries\">\n      <h3 style=\"color: white; font-size: 24px; font-weight: 500; margin-top: 0px;\">Other Industries<\/h3>\n      <p>We serve aerospace, electronics, pharmaceuticals, woodworking, and more, providing tailored filtration solutions for safe, effective, and efficient operations.<\/p>\n      <div class=\"divider\" style=\"position: absolute; left: 115px; bottom: 20px;\"> <\/div> \n    <\/div>\n  <\/div>\n<\/div>","color_scheme":"","padding_top":0,"padding_bottom":0}},"multicolumn_KEY6Fb":{"type":"multicolumn","blocks":{"column_6nyVFx":{"type":"column","settings":{"image":"shopify:\/\/shop_images\/Group_1261155912_1.png","title":"","text":"","link_label":"","link":""}},"column_ypqhh3":{"type":"column","settings":{"image":"shopify:\/\/shop_images\/Group_1261155912_1.png","title":"","text":"","link_label":"","link":""}},"column_wHd6Jf":{"type":"column","settings":{"image":"shopify:\/\/shop_images\/Group_1261155912_1.png","title":"","text":"","link_label":"","link":""}},"column_PiHnEi":{"type":"column","settings":{"image":"shopify:\/\/shop_images\/Group_1261155912_1.png","title":"","text":"","link_label":"","link":""}}},"block_order":["column_6nyVFx","column_ypqhh3","column_wHd6Jf","column_PiHnEi"],"custom_css":[".h1 {width: 543px;}"],"settings":{"title":"<strong>What our client says about our services.<\/strong>","heading_size":"h1","dotted_pagination":true,"image_width":"full","image_ratio":"adapt","columns_desktop":4,"column_alignment":"center","background_style":"none","button_label":"","button_link":"","color_scheme":"","columns_mobile":"1","swipe_on_mobile":true,"padding_top":36,"padding_bottom":36}},"custom_liquid_mFxtrW":{"type":"custom-liquid","disabled":true,"settings":{"custom_liquid":"<div class=\"custom-filters-container\">\n  <h2 style=\"font-weight: 700; font-size: 40px;\">Why Choose Us<\/h2>\n  <p style=\"width: 856px;text-align: center;margin: auto;\">\n    EChoose us for our unparalleled commitment to quality, innovative filtration solutions, and exceptional customer service. We ensure superior performance and reliability across all industries.\n  <\/p>\n  <div class=\"filter-cards\">\n    <div class=\"filter-card\">\n      <img src=\"https:\/\/cdn.shopify.com\/s\/files\/1\/0735\/7661\/2082\/files\/Group_3373.png?v=1736836287\" alt=\"Measure Existing Filter Setup\">\n      <h3 style=\"color: white; font-size: 24px; font-weight: 500;\">Automotive<\/h3>\n      <p>We offer specialized filters for automotive paint booths, ensuring a dust-free environment for flawless vehicle finishes and compliance with industry standards.<\/p>\n      <div class=\"divider\"> <\/div> \n    <\/div>\n    <div class=\"filter-card\">\n      <img src=\"https:\/\/cdn.shopify.com\/s\/files\/1\/0735\/7661\/2082\/files\/Group_3376.png?v=1736836398\" alt=\"Manufacture Custom Frames\">\n      <h3 style=\"color: white; font-size: 24px; font-weight: 500;\">Manufacture Custom Frames<\/h3>\n      <p>Craft bespoke frames tailored to your specific filtration requirements.<\/p>\n      <div class=\"divider\"> <\/div> \n    <\/div>\n    <div class=\"filter-card\">\n      <img src=\"https:\/\/cdn.shopify.com\/s\/files\/1\/0735\/7661\/2082\/files\/Group_3374.png?v=1736836399\" alt=\"Select Custom Filter\">\n      <h3 style=\"color: white; font-size: 24px; font-weight: 500;\">Select Custom Filter<\/h3>\n      <p>Choose customized filters designed to meet your unique application needs.<\/p>\n      <div class=\"divider\"> <\/div> \n    <\/div>\n    <div class=\"filter-card\">\n      <img src=\"https:\/\/cdn.shopify.com\/s\/files\/1\/0735\/7661\/2082\/files\/Group_3374.png?v=1736836399\" alt=\"Select Custom Filter\">\n      <h3 style=\"color: white; font-size: 24px; font-weight: 500;\">Other Industries<\/h3>\n      <p>We serve aerospace, electronics, pharmaceuticals, woodworking, and more, providing tailored filtration solutions for safe, effective, and efficient operations.<\/p>\n      <div class=\"divider\"> <\/div> \n    <\/div>\n  <\/div>\n<\/div>","color_scheme":"","padding_top":40,"padding_bottom":52}},"why_choose_us_YABTWm":{"type":"why-choose-us","blocks":{"feature_card_eT4YH3":{"type":"feature_card","settings":{"icon":"shopify:\/\/shop_images\/excellence-honor-icon_1.png","heading":"Unmatched Quality","description":"Our products are crafted with the highest quality materials and rigorous quality control processes, ensuring superior performance and durability."}},"feature_card_d6Gnpr":{"type":"feature_card","settings":{"icon":"shopify:\/\/shop_images\/Group_1261155922.png","heading":"Reliable Performance","description":"We deliver consistent and reliable filtration solutions that meet industry standards, guaranteeing optimal efficiency and safety for your operations."}},"feature_card_KHRbxM":{"type":"feature_card","settings":{"icon":"shopify:\/\/shop_images\/creative-idea-solution-icon_1.png","heading":"Innovative Solutions","description":"With a commitment to continuous innovation, we provide cutting-edge filtration technologies that address emerging needs and challenges in various industries."}},"feature_card_yFYE7w":{"type":"feature_card","settings":{"icon":"shopify:\/\/shop_images\/Group_1261155924.png","heading":"Best Customer Service","description":"Our dedicated customer service team is always ready to assist, offering expert advice, timely support, and personalized solutions to meet your specific requirements."}}},"block_order":["feature_card_eT4YH3","feature_card_d6Gnpr","feature_card_KHRbxM","feature_card_yFYE7w"],"custom_css":[".icon-container {height: 80px; background: center; background-repeat: no-repeat; background-size: contain;}",".p {max-width: 856px;}"],"settings":{"title":"Why Choose Us","subtitle":"Choose us for our unparalleled commitment to quality, innovative filtration solutions, and exceptional customer service. We ensure superior performance and reliability across all industries."}},"contact_form_YXVJNx":{"type":"contact-form","custom_css":["h2,p {color: white;}",".contact {text-align: center; justify-items: center;}",".contact__fields-card {background-color: rgba(43, 116, 176, 1); padding: 30px; border-radius: 8px; justify-items: center; width: 500px;}",".button {background-color: rgba(0, 160, 228, 1);}",".button,.field,.contact__fields {width: 420px; justify-items: center;}"],"settings":{"heading":"Get In Touch With Us","description":"Reach out to us for any inquiries or to request a quote. Fill out the form below, and our team will get back to you promptly with the information you need.","heading_size":"h1","color_scheme":"scheme-1","padding_top":100,"padding_bottom":100,"background_image":"shopify:\/\/shop_images\/Rectangle_157170.png","background_color":"#0057a0"}}},"order":["image_banner","image_with_text_YmDUCc","custom_filters_ibJheA","featured_collection","custom_liquid_WNxknY","multicolumn_KEY6Fb","custom_liquid_mFxtrW","why_choose_us_YABTWm","contact_form_YXVJNx"]}