{"name":"t:sections.header.name","type":"header","sections":{"announcement-bar":{"type":"announcement-bar","blocks":{"announcement_KQUG7q":{"type":"announcement","settings":{"text":"Welcome to our store","link":""}},"announcement_hA4Hie":{"type":"announcement","settings":{"text":"Fast delivery! Custom products and sizes available.","link":""}}},"block_order":["announcement_KQUG7q","announcement_hA4Hie"],"settings":{"color_scheme":"scheme-f2d7f31c-adf2-4959-8485-8833b4867c45","show_line_separator":true,"show_social":true,"auto_rotate":true,"change_slides_speed":5,"enable_country_selector":false,"enable_language_selector":false}},"header":{"type":"header","settings":{"logo_position":"middle-left","menu":"header-new-menu","menu_type_desktop":"dropdown","sticky_header_type":"on-scroll-up","show_line_separator":false,"color_scheme":"scheme-1","menu_color_scheme":"scheme-1","enable_country_selector":true,"enable_language_selector":true,"enable_customer_avatar":true,"mobile_logo_position":"center","margin_bottom":0,"padding_top":12,"padding_bottom":12}}},"order":["announcement-bar","header"]}